{"models":{"Z0_CENTROID":{"models":{}},"Z0_LOWERTHIRD":{"models":{}},"Z0_WOODOUTLINE":{"models":{}},"Z0_ZONES":{"models":{}},"Z0_RUBBER":{"models":{}},"Z0_PLASTICS":{"models":{}},"Z0_CUT500":{"models":{"path_0":{"paths":{"p_1":{"radius":22.5,"origin":[366.1320000000014,-129.8819999999978],"startAngle":270,"endAngle":450,"type":"arc"}}},"path_1":{"paths":{"p_1":{"type":"line","origin":[73.63200000000143,-107.38199999999779],"end":[292.5,0]}}},"path_2":{"paths":{"p_1":{"type":"line","origin":[366.1320000000014,-152.3819999999978],"end":[-292.5,0]}}},"path_3":{"paths":{"p_1":{"radius":22.5,"origin":[73.63200000000143,-129.8819999999978],"startAngle":90,"endAngle":270,"type":"arc"}}}}},"Z0_CUT250":{"models":{}},"Z0_TOPCOMP":{"models":{"path_0":{"paths":{"p_1":{"type":"line","origin":[73.63200000000143,-141.1319999999978],"end":[0,33.75]}}},"path_1":{"paths":{"p_1":{"type":"line","origin":[152.38200000000143,-141.1319999999978],"end":[-78.75,0]}}},"path_2":{"paths":{"p_1":{"type":"line","origin":[152.38200000000143,-107.38199999999779],"end":[0,-33.75]}}},"path_3":{"paths":{"p_1":{"type":"line","origin":[73.63200000000143,-107.38199999999779],"end":[78.75,0]}}},"path_4":{"paths":{"p_1":{"type":"line","origin":[287.3820000000014,-141.1319999999978],"end":[0,33.75]}}},"path_5":{"paths":{"p_1":{"type":"line","origin":[366.1320000000014,-141.1319999999978],"end":[-78.75,0]}}},"path_6":{"paths":{"p_1":{"type":"line","origin":[366.1320000000014,-107.38199999999779],"end":[0,-33.75]}}},"path_7":{"paths":{"p_1":{"type":"line","origin":[287.3820000000014,-107.38199999999779],"end":[78.75,0]}}},"path_8":{"paths":{"p_1":{"type":"line","origin":[180.50700000000143,-141.1319999999978],"end":[0,33.75]}}},"path_9":{"paths":{"p_1":{"type":"line","origin":[259.2570000000014,-141.1319999999978],"end":[-78.75,0]}}},"path_10":{"paths":{"p_1":{"type":"line","origin":[259.2570000000014,-107.38199999999779],"end":[0,-33.75]}}},"path_11":{"paths":{"p_1":{"type":"line","origin":[180.50700000000143,-107.38199999999779],"end":[78.75,0]}}}}},"Z0_BOTCOMP":{"models":{"path_0":{"paths":{"p_1":{"type":"line","origin":[34.257000000001426,-101.75699999999779],"end":[0,5.625]}}},"path_1":{"paths":{"p_1":{"type":"line","origin":[34.257000000001426,-96.13199999999779],"end":[371.25,0]}}},"path_2":{"paths":{"p_1":{"type":"line","origin":[405.5070000000014,-101.75699999999779],"end":[-371.25,0]}}},"path_3":{"paths":{"p_1":{"type":"line","origin":[405.5070000000014,-96.13199999999779],"end":[0,-5.625]}}},"path_4":{"paths":{"p_1":{"type":"line","origin":[45.507000000001426,-101.75699999999779],"end":[0,-39.375]}}},"path_5":{"paths":{"p_1":{"type":"line","origin":[45.507000000001426,-141.1319999999978],"end":[-5.625,0]}}},"path_6":{"paths":{"p_1":{"type":"line","origin":[394.2570000000014,-101.75699999999779],"end":[0,-39.375]}}},"path_7":{"paths":{"p_1":{"type":"line","origin":[394.2570000000014,-141.1319999999978],"end":[5.625,0]}}},"path_8":{"paths":{"p_1":{"type":"line","origin":[219.88200000000143,-101.75699999999779],"end":[0,-191.25]}}},"path_9":{"paths":{"p_1":{"type":"line","origin":[39.882000000001426,-293.0069999999978],"end":[0,191.25]}}},"path_10":{"paths":{"p_1":{"type":"line","origin":[399.8820000000014,-197.3819999999978],"end":[-360,0]}}},"path_11":{"paths":{"p_1":{"type":"line","origin":[39.882000000001426,-101.75699999999779],"end":[360,0]}}},"path_12":{"paths":{"p_1":{"type":"line","origin":[399.8820000000014,-293.0069999999978],"end":[-360,0]}}},"path_13":{"paths":{"p_1":{"type":"line","origin":[399.8820000000014,-101.75699999999779],"end":[0,-191.25]}}},"path_14":{"paths":{"p_1":{"type":"line","origin":[422.3820000000014,-124.25699999999779],"end":[0,-22.5]}}},"path_15":{"paths":{"p_1":{"radius":7.58250000000001,"origin":[422.38149999999996,-146.7569999999978],"startAngle":0,"endAngle":180,"type":"arc"},"p_2":{"type":"line","origin":[414.7989999999999,-146.7569999999978],"end":[429.96399999999994,-146.7569999999978]}}},"path_16":{"paths":{"p_1":{"radius":7.58250000000001,"origin":[422.38149999999996,-315.5069999999978],"startAngle":0,"endAngle":180,"type":"arc"},"p_2":{"type":"line","origin":[414.7989999999999,-315.5069999999978],"end":[429.96399999999994,-315.5069999999978]}}},"path_17":{"paths":{"p_1":{"type":"line","origin":[422.3820000000014,-338.0069999999978],"end":[0,22.5]}}},"path_18":{"paths":{"p_1":{"type":"line","origin":[399.8820000000014,-124.25699999999779],"end":[0,-213.75]}}},"path_19":{"paths":{"p_1":{"type":"line","origin":[439.2570000000014,-338.0069999999978],"end":[0,213.75]}}},"path_20":{"paths":{"p_1":{"type":"line","origin":[439.2570000000014,-124.25699999999779],"end":[-39.375,0]}}},"path_21":{"paths":{"p_1":{"type":"line","origin":[399.8820000000014,-338.0069999999978],"end":[39.375,0]}}},"path_22":{"paths":{"p_1":{"type":"line","origin":[357.69400000000314,-96.13199999999779],"end":[0,95.625]}}},"path_23":{"paths":{"p_1":{"type":"line","origin":[402.69400000000314,-0.5069999999977881],"end":[0,-95.625]}}},"path_24":{"paths":{"p_1":{"type":"line","origin":[357.69400000000314,-0.5069999999977881],"end":[45,0]}}},"path_25":{"paths":{"p_1":{"type":"line","origin":[357.69400000000314,-96.13199999999779],"end":[45,0]}}},"path_26":{"paths":{"p_1":{"type":"line","origin":[357.69400000000314,-90.50699999999779],"end":[0,-5.625]}}},"path_27":{"paths":{"p_1":{"type":"line","origin":[402.69400000000314,-90.50699999999779],"end":[-45,0]}}},"path_28":{"paths":{"p_1":{"type":"line","origin":[402.69400000000314,-96.13199999999779],"end":[0,5.625]}}},"path_29":{"paths":{"p_1":{"type":"line","origin":[402.69400000000314,-96.13199999999779],"end":[-45,0]}}},"path_30":{"paths":{"p_1":{"radius":7.58250000000001,"origin":[380.1945000000019,-23.006999999997788],"startAngle":0,"endAngle":180,"type":"arc"},"p_2":{"type":"line","origin":[372.61200000000184,-23.006999999997788],"end":[387.77700000000186,-23.006999999997788]}}},"path_31":{"paths":{"p_1":{"type":"line","origin":[380.19400000000314,-0.5069999999977881],"end":[0,-22.5]}}},"path_32":{"paths":{"p_1":{"type":"line","origin":[17.382000000001426,-124.25699999999779],"end":[0,-22.5]}}},"path_33":{"paths":{"p_1":{"radius":7.5825,"origin":[17.381499999999942,-146.7569999999978],"startAngle":0,"endAngle":180,"type":"arc"},"p_2":{"type":"line","origin":[9.798999999999943,-146.7569999999978],"end":[24.963999999999942,-146.7569999999978]}}},"path_34":{"paths":{"p_1":{"radius":7.5825,"origin":[17.381499999999942,-315.5069999999978],"startAngle":0,"endAngle":180,"type":"arc"},"p_2":{"type":"line","origin":[9.798999999999943,-315.5069999999978],"end":[24.963999999999942,-315.5069999999978]}}},"path_35":{"paths":{"p_1":{"type":"line","origin":[17.382000000001426,-338.0069999999978],"end":[0,22.5]}}},"path_36":{"paths":{"p_1":{"type":"line","origin":[39.882000000001426,-124.25699999999779],"end":[0,-213.75]}}},"path_37":{"paths":{"p_1":{"type":"line","origin":[0.5070000000014261,-338.0069999999978],"end":[0,213.75]}}},"path_38":{"paths":{"p_1":{"type":"line","origin":[0.5070000000014261,-124.25699999999779],"end":[39.375,0]}}},"path_39":{"paths":{"p_1":{"type":"line","origin":[39.882000000001426,-338.0069999999978],"end":[-39.375,0]}}},"path_40":{"paths":{"p_1":{"type":"line","origin":[37.06900000000314,-96.13199999999779],"end":[0,95.625]}}},"path_41":{"paths":{"p_1":{"type":"line","origin":[82.06900000000314,-0.5069999999977881],"end":[0,-95.625]}}},"path_42":{"paths":{"p_1":{"type":"line","origin":[37.06900000000314,-0.5069999999977881],"end":[45,0]}}},"path_43":{"paths":{"p_1":{"type":"line","origin":[37.06900000000314,-96.13199999999779],"end":[45,0]}}},"path_44":{"paths":{"p_1":{"type":"line","origin":[37.06900000000314,-90.50699999999779],"end":[0,-5.625]}}},"path_45":{"paths":{"p_1":{"type":"line","origin":[82.06900000000314,-90.50699999999779],"end":[-45,0]}}},"path_46":{"paths":{"p_1":{"type":"line","origin":[82.06900000000314,-96.13199999999779],"end":[0,5.625]}}},"path_47":{"paths":{"p_1":{"type":"line",